{
  "trial_id": 3,
  "trial_name": "t03_label_scaling-robust",
  "label_scaling": "robust",
  "loss_normalize_by_variance": false,
  "posthoc_calibration": "none",
  "visible_gpu_count": 5,
  "visible_gpu_ids": "0,1,2,3,4",
  "checkpoint_path": "/home/hsh/GPT-Disease-Drug-Prediction/ablation/label_scaling/ab_label_scaling/t03_label_scaling-robust/train_out/ckpt.pt",
  "train_seconds": 4513.11,
  "eval_seconds": 236.78,
  "extval_jmdc.auc_mean": 0.5044877298718382,
  "extval_jmdc.shift_rmse_drug_cond": 7.384861446829398,
  "extval_jmdc.shift_r2_drug_cond": 0.05381089448928833,
  "extval_jmdc.total_rmse_drug_cond": 237.4117681502962,
  "extval_jmdc.total_r2_drug_cond": -100.80374145507812,
  "test.auc_mean": 0.4961238927077841,
  "test.shift_rmse_drug_cond": 0.6888277713670458,
  "test.shift_r2_drug_cond": 0.5628092288970947,
  "test.total_rmse_drug_cond": 240.3863670609255,
  "test.total_r2_drug_cond": -121.6130599975586,
  "val.auc_mean": 0.49335816565897567,
  "val.shift_rmse_drug_cond": 0.4980044178536948,
  "val.shift_r2_drug_cond": 0.7134555578231812,
  "val.total_rmse_drug_cond": 245.80534886623195,
  "val.total_r2_drug_cond": -184.565673828125
}