{
  "trial_id": 2,
  "trial_name": "t02_loss_norm-1",
  "label_scaling": "none",
  "loss_normalize_by_variance": true,
  "posthoc_calibration": "none",
  "visible_gpu_count": 5,
  "visible_gpu_ids": "0,1,2,3,4",
  "checkpoint_path": "/home/hsh/GPT-Disease-Drug-Prediction/ablation/loss_normalization/ab_loss_norm/t02_loss_norm-1/train_out/ckpt.pt",
  "train_seconds": 4558.26,
  "eval_seconds": 234.92,
  "extval_jmdc.auc_mean": 0.8075542610252329,
  "extval_jmdc.shift_rmse_drug_cond": 7.361841391880106,
  "extval_jmdc.shift_r2_drug_cond": 0.05970054864883423,
  "extval_jmdc.total_rmse_drug_cond": 22.394401450107875,
  "extval_jmdc.total_r2_drug_cond": 0.09418779611587524,
  "test.auc_mean": 0.8187378875934755,
  "test.shift_rmse_drug_cond": 0.6899393112679955,
  "test.shift_r2_drug_cond": 0.561397135257721,
  "test.total_rmse_drug_cond": 11.685343660745565,
  "test.total_r2_drug_cond": 0.7102656364440918,
  "val.auc_mean": 0.788947259559417,
  "val.shift_rmse_drug_cond": 0.4949909026581525,
  "val.shift_r2_drug_cond": 0.7169129848480225,
  "val.total_rmse_drug_cond": 9.29410656653544,
  "val.total_r2_drug_cond": 0.7347042560577393
}