{
  "trial_id": 1,
  "trial_name": "t01_loss_norm-0",
  "label_scaling": "none",
  "loss_normalize_by_variance": false,
  "posthoc_calibration": "none",
  "visible_gpu_count": 5,
  "visible_gpu_ids": "0,1,2,3,4",
  "checkpoint_path": "/home/hsh/GPT-Disease-Drug-Prediction/ablation/loss_normalization/ab_loss_norm/t01_loss_norm-0/train_out/ckpt.pt",
  "train_seconds": 4571.78,
  "eval_seconds": 229.57,
  "extval_jmdc.auc_mean": 0.6394926840681651,
  "extval_jmdc.shift_rmse_drug_cond": 7.349534114682431,
  "extval_jmdc.shift_r2_drug_cond": 0.06284189224243164,
  "extval_jmdc.total_rmse_drug_cond": 20.303340032001586,
  "extval_jmdc.total_r2_drug_cond": 0.2554493546485901,
  "test.auc_mean": 0.7299278126960611,
  "test.shift_rmse_drug_cond": 0.6796395295852543,
  "test.shift_r2_drug_cond": 0.5743947625160217,
  "test.total_rmse_drug_cond": 10.655484974715451,
  "test.total_r2_drug_cond": 0.7590851783752441,
  "val.auc_mean": 0.7367574237695137,
  "val.shift_rmse_drug_cond": 0.4830184367700875,
  "val.shift_r2_drug_cond": 0.7304415702819824,
  "val.total_rmse_drug_cond": 8.753404663368626,
  "val.total_r2_drug_cond": 0.7646744847297668
}