{
  "trial_id": 2,
  "trial_name": "t02_label_scaling-zscore",
  "label_scaling": "zscore",
  "loss_normalize_by_variance": false,
  "posthoc_calibration": "none",
  "visible_gpu_count": 5,
  "visible_gpu_ids": "0,1,2,3,4",
  "checkpoint_path": "/home/hsh/GPT-Disease-Drug-Prediction/ablation/label_scaling/ab_label_scaling/t02_label_scaling-zscore/train_out/ckpt.pt",
  "train_seconds": 4597.02,
  "eval_seconds": 231.47,
  "extval_jmdc.auc_mean": 0.7516863242827813,
  "extval_jmdc.shift_rmse_drug_cond": 7.327539872028802,
  "extval_jmdc.shift_r2_drug_cond": 0.06844252347946167,
  "extval_jmdc.total_rmse_drug_cond": 20.222839979486995,
  "extval_jmdc.total_r2_drug_cond": 0.26134175062179565,
  "test.auc_mean": 0.78890645135178,
  "test.shift_rmse_drug_cond": 0.6822461605669895,
  "test.shift_r2_drug_cond": 0.5711238384246826,
  "test.total_rmse_drug_cond": 14.707949942255931,
  "test.total_r2_drug_cond": 0.5409908890724182,
  "val.auc_mean": 0.7693459986376944,
  "val.shift_rmse_drug_cond": 0.48587700016423613,
  "val.shift_r2_drug_cond": 0.7272415161132812,
  "val.total_rmse_drug_cond": 12.8237029432896,
  "val.total_r2_drug_cond": 0.4949412941932678
}