{
  "trial_id": 4,
  "trial_name": "t04_label_scaling-minmax",
  "label_scaling": "minmax",
  "loss_normalize_by_variance": false,
  "posthoc_calibration": "none",
  "visible_gpu_count": 5,
  "visible_gpu_ids": "0,1,2,3,4",
  "checkpoint_path": "/home/hsh/GPT-Disease-Drug-Prediction/ablation/label_scaling/ab_label_scaling/t04_label_scaling-minmax/train_out/ckpt.pt",
  "train_seconds": 4557.36,
  "eval_seconds": 233.23,
  "extval_jmdc.auc_mean": 0.7290286629905975,
  "extval_jmdc.shift_rmse_drug_cond": 7.39359048137634,
  "extval_jmdc.shift_r2_drug_cond": 0.05157274007797241,
  "extval_jmdc.total_rmse_drug_cond": 165.3889060196451,
  "extval_jmdc.total_r2_drug_cond": -48.405128479003906,
  "test.auc_mean": 0.7873452813984816,
  "test.shift_rmse_drug_cond": 0.6907545779432368,
  "test.shift_r2_drug_cond": 0.5603599548339844,
  "test.total_rmse_drug_cond": 169.96629950890264,
  "test.total_r2_drug_cond": -60.297489166259766,
  "val.auc_mean": 0.7713253783508032,
  "val.shift_rmse_drug_cond": 0.49178286980161434,
  "val.shift_r2_drug_cond": 0.72057044506073,
  "val.total_rmse_drug_cond": 175.378569323977,
  "val.total_r2_drug_cond": -93.46437072753906
}