checkpoint_path,eval_seconds,extval_jmdc.auc_mean,extval_jmdc.shift_r2_drug_cond,extval_jmdc.shift_rmse_drug_cond,extval_jmdc.total_r2_drug_cond,extval_jmdc.total_rmse_drug_cond,label_scaling,loss_normalize_by_variance,posthoc_calibration,test.auc_mean,test.shift_r2_drug_cond,test.shift_rmse_drug_cond,test.total_r2_drug_cond,test.total_rmse_drug_cond,train_seconds,trial_id,trial_name,val.auc_mean,val.shift_r2_drug_cond,val.shift_rmse_drug_cond,val.total_r2_drug_cond,val.total_rmse_drug_cond,visible_gpu_count,visible_gpu_ids
/home/hsh/GPT-Disease-Drug-Prediction/ablation/label_scaling/ab_label_scaling/t01_label_scaling-none/train_out/ckpt.pt,230.1,0.6394926840681651,0.06284189224243164,7.349534114682431,0.2554493546485901,20.303340032001586,none,False,none,0.7299278126960611,0.5743947625160217,0.6796395295852543,0.7590851783752441,10.655484974715451,4555.68,1,t01_label_scaling-none,0.7367574237695137,0.7304415702819824,0.4830184367700875,0.7646744847297668,8.753404663368626,5,"0,1,2,3,4"
/home/hsh/GPT-Disease-Drug-Prediction/ablation/label_scaling/ab_label_scaling/t02_label_scaling-zscore/train_out/ckpt.pt,231.47,0.7516863242827813,0.06844252347946167,7.327539872028802,0.26134175062179565,20.222839979486995,zscore,False,none,0.78890645135178,0.5711238384246826,0.6822461605669895,0.5409908890724182,14.707949942255931,4597.02,2,t02_label_scaling-zscore,0.7693459986376944,0.7272415161132812,0.48587700016423613,0.4949412941932678,12.8237029432896,5,"0,1,2,3,4"
/home/hsh/GPT-Disease-Drug-Prediction/ablation/label_scaling/ab_label_scaling/t03_label_scaling-robust/train_out/ckpt.pt,236.78,0.5044877298718382,0.05381089448928833,7.384861446829398,-100.80374145507812,237.4117681502962,robust,False,none,0.4961238927077841,0.5628092288970947,0.6888277713670458,-121.6130599975586,240.3863670609255,4513.11,3,t03_label_scaling-robust,0.49335816565897567,0.7134555578231812,0.4980044178536948,-184.565673828125,245.80534886623195,5,"0,1,2,3,4"
/home/hsh/GPT-Disease-Drug-Prediction/ablation/label_scaling/ab_label_scaling/t04_label_scaling-minmax/train_out/ckpt.pt,233.23,0.7290286629905975,0.05157274007797241,7.39359048137634,-48.405128479003906,165.3889060196451,minmax,False,none,0.7873452813984816,0.5603599548339844,0.6907545779432368,-60.297489166259766,169.96629950890264,4557.36,4,t04_label_scaling-minmax,0.7713253783508032,0.72057044506073,0.49178286980161434,-93.46437072753906,175.378569323977,5,"0,1,2,3,4"
